0, 2026_04_20-PM03_43_34, Gauge #1: Status 0 (Measurement data okay), Pressure: 998.000000 mbar
1, 2026_04_20-PM03_43_35, Gauge #1: Status 0 (Measurement data okay), Pressure: 1000.000000 mbar
2, 2026_04_20-PM03_43_36, Gauge #1: Status 0 (Measurement data okay), Pressure: 999.000000 mbar
3, 2026_04_20-PM03_43_38, Gauge #1: Status 0 (Measurement data okay), Pressure: 999.000000 mbar
4, 2026_04_20-PM03_43_39, Gauge #1: Status 0 (Measurement data okay), Pressure: 1000.000000 mbar
5, 2026_04_20-PM03_43_40, Gauge #1: Status 0 (Measurement data okay), Pressure: 998.000000 mbar
6, 2026_04_20-PM03_43_42, Gauge #1: Status 0 (Measurement data okay), Pressure: 998.000000 mbar
7, 2026_04_20-PM03_43_43, Gauge #1: Status 0 (Measurement data okay), Pressure: 999.000000 mbar
8, 2026_04_20-PM03_43_44, Gauge #1: Status 0 (Measurement data okay), Pressure: 998.000000 mbar
9, 2026_04_20-PM03_43_46, Gauge #1: Status 0 (Measurement data okay), Pressure: 999.000000 mbar
10, 2026_04_20-PM03_43_47, Gauge #1: Status 0 (Measurement data okay), Pressure: 999.000000 mbar
11, 2026_04_20-PM03_43_48, Gauge #1: Status 0 (Measurement data okay), Pressure: 998.000000 mbar
12, 2026_04_20-PM03_43_49, Gauge #1: Status 0 (Measurement data okay), Pressure: 999.000000 mbar
13, 2026_04_20-PM03_43_51, Gauge #1: Status 0 (Measurement data okay), Pressure: 998.000000 mbar
14, 2026_04_20-PM03_43_52, Gauge #1: Status 0 (Measurement data okay), Pressure: 999.000000 mbar
15, 2026_04_20-PM03_43_53, Gauge #1: Status 0 (Measurement data okay), Pressure: 998.000000 mbar
16, 2026_04_20-PM03_43_55, Gauge #1: Status 0 (Measurement data okay), Pressure: 998.000000 mbar
17, 2026_04_20-PM03_43_56, Gauge #1: Status 0 (Measurement data okay), Pressure: 998.000000 mbar
18, 2026_04_20-PM03_43_57, Gauge #1: Status 0 (Measurement data okay), Pressure: 999.000000 mbar
19, 2026_04_20-PM03_43_58, Gauge #1: Status 0 (Measurement data okay), Pressure: 998.000000 mbar
20, 2026_04_20-PM03_44_00, Gauge #1: Status 0 (Measurement data okay), Pressure: 999.000000 mbar
21, 2026_04_20-PM03_44_01, Gauge #1: Status 0 (Measurement data okay), Pressure: 1000.000000 mbar
22, 2026_04_20-PM03_44_02, Gauge #1: Status 0 (Measurement data okay), Pressure: 999.000000 mbar
23, 2026_04_20-PM03_44_04, Gauge #1: Status 0 (Measurement data okay), Pressure: 999.000000 mbar
24, 2026_04_20-PM03_44_05, Gauge #1: Status 0 (Measurement data okay), Pressure: 999.000000 mbar
25, 2026_04_20-PM03_44_06, Gauge #1: Status 0 (Measurement data okay), Pressure: 999.000000 mbar
26, 2026_04_20-PM03_44_08, Gauge #1: Status 0 (Measurement data okay), Pressure: 999.000000 mbar
27, 2026_04_20-PM03_44_09, Gauge #1: Status 0 (Measurement data okay), Pressure: 998.000000 mbar
28, 2026_04_20-PM03_44_10, Gauge #1: Status 0 (Measurement data okay), Pressure: 999.000000 mbar
29, 2026_04_20-PM03_44_11, Gauge #1: Status 0 (Measurement data okay), Pressure: 1000.000000 mbar
30, 2026_04_20-PM03_44_13, Gauge #1: Status 0 (Measurement data okay), Pressure: 999.000000 mbar
31, 2026_04_20-PM03_44_14, Gauge #1: Status 0 (Measurement data okay), Pressure: 999.000000 mbar
32, 2026_04_20-PM03_44_15, Gauge #1: Status 0 (Measurement data okay), Pressure: 999.000000 mbar
33, 2026_04_20-PM03_44_17, Gauge #1: Status 0 (Measurement data okay), Pressure: 983.000000 mbar
34, 2026_04_20-PM03_44_18, Gauge #1: Status 0 (Measurement data okay), Pressure: 899.000000 mbar
35, 2026_04_20-PM03_44_19, Gauge #1: Status 0 (Measurement data okay), Pressure: 835.000000 mbar
36, 2026_04_20-PM03_44_21, Gauge #1: Status 0 (Measurement data okay), Pressure: 778.000000 mbar
37, 2026_04_20-PM03_44_22, Gauge #1: Status 0 (Measurement data okay), Pressure: 738.000000 mbar
38, 2026_04_20-PM03_44_23, Gauge #1: Status 0 (Measurement data okay), Pressure: 670.000000 mbar
39, 2026_04_20-PM03_44_24, Gauge #1: Status 0 (Measurement data okay), Pressure: 620.000000 mbar
40, 2026_04_20-PM03_44_26, Gauge #1: Status 0 (Measurement data okay), Pressure: 575.000000 mbar
41, 2026_04_20-PM03_44_27, Gauge #1: Status 0 (Measurement data okay), Pressure: 533.000000 mbar
42, 2026_04_20-PM03_44_28, Gauge #1: Status 0 (Measurement data okay), Pressure: 494.000000 mbar
43, 2026_04_20-PM03_44_30, Gauge #1: Status 0 (Measurement data okay), Pressure: 465.000000 mbar
44, 2026_04_20-PM03_44_31, Gauge #1: Status 0 (Measurement data okay), Pressure: 429.000000 mbar
45, 2026_04_20-PM03_44_32, Gauge #1: Status 0 (Measurement data okay), Pressure: 394.000000 mbar
46, 2026_04_20-PM03_44_34, Gauge #1: Status 0 (Measurement data okay), Pressure: 375.000000 mbar
47, 2026_04_20-PM03_44_35, Gauge #1: Status 0 (Measurement data okay), Pressure: 356.000000 mbar
48, 2026_04_20-PM03_44_36, Gauge #1: Status 0 (Measurement data okay), Pressure: 338.000000 mbar
49, 2026_04_20-PM03_44_37, Gauge #1: Status 0 (Measurement data okay), Pressure: 317.000000 mbar
50, 2026_04_20-PM03_44_39, Gauge #1: Status 0 (Measurement data okay), Pressure: 299.000000 mbar
51, 2026_04_20-PM03_44_40, Gauge #1: Status 0 (Measurement data okay), Pressure: 282.000000 mbar
52, 2026_04_20-PM03_44_41, Gauge #1: Status 0 (Measurement data okay), Pressure: 267.000000 mbar
53, 2026_04_20-PM03_44_43, Gauge #1: Status 0 (Measurement data okay), Pressure: 249.000000 mbar
54, 2026_04_20-PM03_44_44, Gauge #1: Status 0 (Measurement data okay), Pressure: 232.000000 mbar
55, 2026_04_20-PM03_44_45, Gauge #1: Status 0 (Measurement data okay), Pressure: 211.000000 mbar
56, 2026_04_20-PM03_44_47, Gauge #1: Status 0 (Measurement data okay), Pressure: 196.000000 mbar
57, 2026_04_20-PM03_44_48, Gauge #1: Status 0 (Measurement data okay), Pressure: 188.000000 mbar
58, 2026_04_20-PM03_44_49, Gauge #1: Status 0 (Measurement data okay), Pressure: 179.000000 mbar
59, 2026_04_20-PM03_44_50, Gauge #1: Status 0 (Measurement data okay), Pressure: 171.000000 mbar
60, 2026_04_20-PM03_44_52, Gauge #1: Status 0 (Measurement data okay), Pressure: 163.000000 mbar
61, 2026_04_20-PM03_44_53, Gauge #1: Status 0 (Measurement data okay), Pressure: 155.000000 mbar
62, 2026_04_20-PM03_44_54, Gauge #1: Status 0 (Measurement data okay), Pressure: 146.000000 mbar
63, 2026_04_20-PM03_44_56, Gauge #1: Status 0 (Measurement data okay), Pressure: 138.000000 mbar
64, 2026_04_20-PM03_44_57, Gauge #1: Status 0 (Measurement data okay), Pressure: 130.000000 mbar
65, 2026_04_20-PM03_44_58, Gauge #1: Status 0 (Measurement data okay), Pressure: 122.000000 mbar
66, 2026_04_20-PM03_45_00, Gauge #1: Status 0 (Measurement data okay), Pressure: 114.000000 mbar
67, 2026_04_20-PM03_45_01, Gauge #1: Status 0 (Measurement data okay), Pressure: 107.000000 mbar
68, 2026_04_20-PM03_45_02, Gauge #1: Status 0 (Measurement data okay), Pressure: 101.000000 mbar
69, 2026_04_20-PM03_45_04, Gauge #1: Status 0 (Measurement data okay), Pressure: 95.700000 mbar
70, 2026_04_20-PM03_45_05, Gauge #1: Status 0 (Measurement data okay), Pressure: 92.300000 mbar
71, 2026_04_20-PM03_45_06, Gauge #1: Status 0 (Measurement data okay), Pressure: 88.300000 mbar
72, 2026_04_20-PM03_45_08, Gauge #1: Status 0 (Measurement data okay), Pressure: 84.800000 mbar
73, 2026_04_20-PM03_45_09, Gauge #1: Status 0 (Measurement data okay), Pressure: 80.600000 mbar
74, 2026_04_20-PM03_45_10, Gauge #1: Status 0 (Measurement data okay), Pressure: 77.200000 mbar
75, 2026_04_20-PM03_45_12, Gauge #1: Status 0 (Measurement data okay), Pressure: 73.700000 mbar
76, 2026_04_20-PM03_45_13, Gauge #1: Status 0 (Measurement data okay), Pressure: 70.100000 mbar
77, 2026_04_20-PM03_45_14, Gauge #1: Status 0 (Measurement data okay), Pressure: 66.800000 mbar
78, 2026_04_20-PM03_45_16, Gauge #1: Status 0 (Measurement data okay), Pressure: 63.100000 mbar
79, 2026_04_20-PM03_45_17, Gauge #1: Status 0 (Measurement data okay), Pressure: 59.900000 mbar
80, 2026_04_20-PM03_45_18, Gauge #1: Status 0 (Measurement data okay), Pressure: 57.300000 mbar
81, 2026_04_20-PM03_45_20, Gauge #1: Status 0 (Measurement data okay), Pressure: 54.900000 mbar
82, 2026_04_20-PM03_45_21, Gauge #1: Status 0 (Measurement data okay), Pressure: 52.800000 mbar
83, 2026_04_20-PM03_45_22, Gauge #1: Status 0 (Measurement data okay), Pressure: 50.900000 mbar
84, 2026_04_20-PM03_45_24, Gauge #1: Status 0 (Measurement data okay), Pressure: 48.600000 mbar
85, 2026_04_20-PM03_45_25, Gauge #1: Status 0 (Measurement data okay), Pressure: 46.600000 mbar
86, 2026_04_20-PM03_45_26, Gauge #1: Status 0 (Measurement data okay), Pressure: 44.400000 mbar
87, 2026_04_20-PM03_45_28, Gauge #1: Status 0 (Measurement data okay), Pressure: 42.200000 mbar
88, 2026_04_20-PM03_45_29, Gauge #1: Status 0 (Measurement data okay), Pressure: 40.200000 mbar
89, 2026_04_20-PM03_45_30, Gauge #1: Status 0 (Measurement data okay), Pressure: 38.700000 mbar
90, 2026_04_20-PM03_45_32, Gauge #1: Status 0 (Measurement data okay), Pressure: 37.500000 mbar
91, 2026_04_20-PM03_45_33, Gauge #1: Status 0 (Measurement data okay), Pressure: 36.300000 mbar
92, 2026_04_20-PM03_45_34, Gauge #1: Status 0 (Measurement data okay), Pressure: 35.300000 mbar
93, 2026_04_20-PM03_45_36, Gauge #1: Status 0 (Measurement data okay), Pressure: 34.000000 mbar
94, 2026_04_20-PM03_45_37, Gauge #1: Status 0 (Measurement data okay), Pressure: 32.900000 mbar
95, 2026_04_20-PM03_45_38, Gauge #1: Status 0 (Measurement data okay), Pressure: 31.800000 mbar
96, 2026_04_20-PM03_45_40, Gauge #1: Status 0 (Measurement data okay), Pressure: 30.600000 mbar
97, 2026_04_20-PM03_45_41, Gauge #1: Status 0 (Measurement data okay), Pressure: 29.500000 mbar
98, 2026_04_20-PM03_45_42, Gauge #1: Status 0 (Measurement data okay), Pressure: 28.400000 mbar
99, 2026_04_20-PM03_45_44, Gauge #1: Status 0 (Measurement data okay), Pressure: 27.300000 mbar
100, 2026_04_20-PM03_45_45, Gauge #1: Status 0 (Measurement data okay), Pressure: 26.200000 mbar
101, 2026_04_20-PM03_45_47, Gauge #1: Status 0 (Measurement data okay), Pressure: 25.200000 mbar
102, 2026_04_20-PM03_45_48, Gauge #1: Status 0 (Measurement data okay), Pressure: 24.200000 mbar
103, 2026_04_20-PM03_45_49, Gauge #1: Status 0 (Measurement data okay), Pressure: 23.200000 mbar
104, 2026_04_20-PM03_45_51, Gauge #1: Status 0 (Measurement data okay), Pressure: 22.200000 mbar
105, 2026_04_20-PM03_45_52, Gauge #1: Status 0 (Measurement data okay), Pressure: 21.300000 mbar
106, 2026_04_20-PM03_45_53, Gauge #1: Status 0 (Measurement data okay), Pressure: 20.300000 mbar
107, 2026_04_20-PM03_45_55, Gauge #1: Status 0 (Measurement data okay), Pressure: 19.500000 mbar
108, 2026_04_20-PM03_45_56, Gauge #1: Status 0 (Measurement data okay), Pressure: 19.000000 mbar
109, 2026_04_20-PM03_45_57, Gauge #1: Status 0 (Measurement data okay), Pressure: 18.400000 mbar
110, 2026_04_20-PM03_45_59, Gauge #1: Status 0 (Measurement data okay), Pressure: 17.900000 mbar
111, 2026_04_20-PM03_46_00, Gauge #1: Status 0 (Measurement data okay), Pressure: 17.300000 mbar
112, 2026_04_20-PM03_46_01, Gauge #1: Status 0 (Measurement data okay), Pressure: 16.800000 mbar
113, 2026_04_20-PM03_46_03, Gauge #1: Status 0 (Measurement data okay), Pressure: 16.300000 mbar
114, 2026_04_20-PM03_46_04, Gauge #1: Status 0 (Measurement data okay), Pressure: 15.800000 mbar
115, 2026_04_20-PM03_46_05, Gauge #1: Status 0 (Measurement data okay), Pressure: 15.200000 mbar
116, 2026_04_20-PM03_46_07, Gauge #1: Status 0 (Measurement data okay), Pressure: 14.700000 mbar
117, 2026_04_20-PM03_46_08, Gauge #1: Status 0 (Measurement data okay), Pressure: 14.300000 mbar
118, 2026_04_20-PM03_46_10, Gauge #1: Status 0 (Measurement data okay), Pressure: 13.800000 mbar
119, 2026_04_20-PM03_46_11, Gauge #1: Status 0 (Measurement data okay), Pressure: 13.400000 mbar
120, 2026_04_20-PM03_46_12, Gauge #1: Status 0 (Measurement data okay), Pressure: 12.900000 mbar
121, 2026_04_20-PM03_46_14, Gauge #1: Status 0 (Measurement data okay), Pressure: 12.500000 mbar
122, 2026_04_20-PM03_46_15, Gauge #1: Status 0 (Measurement data okay), Pressure: 12.000000 mbar
123, 2026_04_20-PM03_46_16, Gauge #1: Status 0 (Measurement data okay), Pressure: 11.700000 mbar
124, 2026_04_20-PM03_46_18, Gauge #1: Status 0 (Measurement data okay), Pressure: 11.200000 mbar
125, 2026_04_20-PM03_46_19, Gauge #1: Status 0 (Measurement data okay), Pressure: 10.900000 mbar
126, 2026_04_20-PM03_46_21, Gauge #1: Status 0 (Measurement data okay), Pressure: 10.500000 mbar
127, 2026_04_20-PM03_46_22, Gauge #1: Status 0 (Measurement data okay), Pressure: 10.100000 mbar
128, 2026_04_20-PM03_46_23, Gauge #1: Status 0 (Measurement data okay), Pressure: 9.790000 mbar
129, 2026_04_20-PM03_46_25, Gauge #1: Status 0 (Measurement data okay), Pressure: 9.540000 mbar
130, 2026_04_20-PM03_46_26, Gauge #1: Status 0 (Measurement data okay), Pressure: 9.290000 mbar
131, 2026_04_20-PM03_46_27, Gauge #1: Status 0 (Measurement data okay), Pressure: 9.040000 mbar
132, 2026_04_20-PM03_46_29, Gauge #1: Status 0 (Measurement data okay), Pressure: 8.820000 mbar
133, 2026_04_20-PM03_46_30, Gauge #1: Status 0 (Measurement data okay), Pressure: 8.590000 mbar
134, 2026_04_20-PM03_46_32, Gauge #1: Status 0 (Measurement data okay), Pressure: 8.360000 mbar
135, 2026_04_20-PM03_46_33, Gauge #1: Status 0 (Measurement data okay), Pressure: 8.150000 mbar
136, 2026_04_20-PM03_46_35, Gauge #1: Status 0 (Measurement data okay), Pressure: 7.930000 mbar
137, 2026_04_20-PM03_46_36, Gauge #1: Status 0 (Measurement data okay), Pressure: 7.730000 mbar
138, 2026_04_20-PM03_46_37, Gauge #1: Status 0 (Measurement data okay), Pressure: 7.540000 mbar
139, 2026_04_20-PM03_46_39, Gauge #1: Status 0 (Measurement data okay), Pressure: 7.360000 mbar
140, 2026_04_20-PM03_46_40, Gauge #1: Status 0 (Measurement data okay), Pressure: 7.190000 mbar
141, 2026_04_20-PM03_46_41, Gauge #1: Status 0 (Measurement data okay), Pressure: 7.010000 mbar
142, 2026_04_20-PM03_46_43, Gauge #1: Status 0 (Measurement data okay), Pressure: 6.840000 mbar
143, 2026_04_20-PM03_46_44, Gauge #1: Status 0 (Measurement data okay), Pressure: 6.680000 mbar
144, 2026_04_20-PM03_46_46, Gauge #1: Status 0 (Measurement data okay), Pressure: 6.510000 mbar
145, 2026_04_20-PM03_46_47, Gauge #1: Status 0 (Measurement data okay), Pressure: 6.360000 mbar
146, 2026_04_20-PM03_46_48, Gauge #1: Status 0 (Measurement data okay), Pressure: 6.220000 mbar
147, 2026_04_20-PM03_46_50, Gauge #1: Status 0 (Measurement data okay), Pressure: 6.080000 mbar
148, 2026_04_20-PM03_46_51, Gauge #1: Status 0 (Measurement data okay), Pressure: 5.930000 mbar
149, 2026_04_20-PM03_46_53, Gauge #1: Status 0 (Measurement data okay), Pressure: 5.810000 mbar
150, 2026_04_20-PM03_46_54, Gauge #1: Status 0 (Measurement data okay), Pressure: 5.700000 mbar
151, 2026_04_20-PM03_46_55, Gauge #1: Status 0 (Measurement data okay), Pressure: 5.590000 mbar
152, 2026_04_20-PM03_46_57, Gauge #1: Status 0 (Measurement data okay), Pressure: 5.480000 mbar
153, 2026_04_20-PM03_46_58, Gauge #1: Status 0 (Measurement data okay), Pressure: 5.370000 mbar
154, 2026_04_20-PM03_47_00, Gauge #1: Status 0 (Measurement data okay), Pressure: 5.270000 mbar
155, 2026_04_20-PM03_47_01, Gauge #1: Status 0 (Measurement data okay), Pressure: 5.170000 mbar
156, 2026_04_20-PM03_47_03, Gauge #1: Status 0 (Measurement data okay), Pressure: 5.060000 mbar
157, 2026_04_20-PM03_47_04, Gauge #1: Status 0 (Measurement data okay), Pressure: 4.960000 mbar
158, 2026_04_20-PM03_47_05, Gauge #1: Status 0 (Measurement data okay), Pressure: 4.870000 mbar
159, 2026_04_20-PM03_47_07, Gauge #1: Status 0 (Measurement data okay), Pressure: 4.790000 mbar
160, 2026_04_20-PM03_47_08, Gauge #1: Status 0 (Measurement data okay), Pressure: 4.700000 mbar
161, 2026_04_20-PM03_47_10, Gauge #1: Status 0 (Measurement data okay), Pressure: 4.610000 mbar
162, 2026_04_20-PM03_47_11, Gauge #1: Status 0 (Measurement data okay), Pressure: 4.540000 mbar
163, 2026_04_20-PM03_47_12, Gauge #1: Status 0 (Measurement data okay), Pressure: 4.450000 mbar
164, 2026_04_20-PM03_47_14, Gauge #1: Status 0 (Measurement data okay), Pressure: 4.380000 mbar
165, 2026_04_20-PM03_47_15, Gauge #1: Status 0 (Measurement data okay), Pressure: 4.290000 mbar
166, 2026_04_20-PM03_47_17, Gauge #1: Status 0 (Measurement data okay), Pressure: 4.210000 mbar
167, 2026_04_20-PM03_47_18, Gauge #1: Status 0 (Measurement data okay), Pressure: 4.140000 mbar
168, 2026_04_20-PM03_47_19, Gauge #1: Status 0 (Measurement data okay), Pressure: 4.060000 mbar
169, 2026_04_20-PM03_47_21, Gauge #1: Status 0 (Measurement data okay), Pressure: 4.000000 mbar
170, 2026_04_20-PM03_47_22, Gauge #1: Status 0 (Measurement data okay), Pressure: 3.930000 mbar
171, 2026_04_20-PM03_47_24, Gauge #1: Status 0 (Measurement data okay), Pressure: 3.870000 mbar
172, 2026_04_20-PM03_47_25, Gauge #1: Status 0 (Measurement data okay), Pressure: 3.810000 mbar
173, 2026_04_20-PM03_47_27, Gauge #1: Status 0 (Measurement data okay), Pressure: 3.750000 mbar
174, 2026_04_20-PM03_47_28, Gauge #1: Status 0 (Measurement data okay), Pressure: 3.690000 mbar
175, 2026_04_20-PM03_47_29, Gauge #1: Status 0 (Measurement data okay), Pressure: 3.640000 mbar
176, 2026_04_20-PM03_47_31, Gauge #1: Status 0 (Measurement data okay), Pressure: 3.580000 mbar
177, 2026_04_20-PM03_47_32, Gauge #1: Status 0 (Measurement data okay), Pressure: 3.520000 mbar
178, 2026_04_20-PM03_47_34, Gauge #1: Status 0 (Measurement data okay), Pressure: 3.470000 mbar
179, 2026_04_20-PM03_47_35, Gauge #1: Status 0 (Measurement data okay), Pressure: 3.420000 mbar
180, 2026_04_20-PM03_47_37, Gauge #1: Status 0 (Measurement data okay), Pressure: 3.370000 mbar
181, 2026_04_20-PM03_47_38, Gauge #1: Status 0 (Measurement data okay), Pressure: 3.330000 mbar
182, 2026_04_20-PM03_47_39, Gauge #1: Status 0 (Measurement data okay), Pressure: 3.280000 mbar
183, 2026_04_20-PM03_47_41, Gauge #1: Status 0 (Measurement data okay), Pressure: 3.230000 mbar
184, 2026_04_20-PM03_47_42, Gauge #1: Status 0 (Measurement data okay), Pressure: 3.180000 mbar
185, 2026_04_20-PM03_47_44, Gauge #1: Status 0 (Measurement data okay), Pressure: 3.140000 mbar
186, 2026_04_20-PM03_47_45, Gauge #1: Status 0 (Measurement data okay), Pressure: 3.090000 mbar
187, 2026_04_20-PM03_47_46, Gauge #1: Status 0 (Measurement data okay), Pressure: 3.050000 mbar
188, 2026_04_20-PM03_47_48, Gauge #1: Status 0 (Measurement data okay), Pressure: 3.010000 mbar
189, 2026_04_20-PM03_47_49, Gauge #1: Status 0 (Measurement data okay), Pressure: 2.970000 mbar
190, 2026_04_20-PM03_47_51, Gauge #1: Status 0 (Measurement data okay), Pressure: 2.930000 mbar
191, 2026_04_20-PM03_47_52, Gauge #1: Status 0 (Measurement data okay), Pressure: 2.890000 mbar
192, 2026_04_20-PM03_47_54, Gauge #1: Status 0 (Measurement data okay), Pressure: 2.850000 mbar
193, 2026_04_20-PM03_47_55, Gauge #1: Status 0 (Measurement data okay), Pressure: 2.810000 mbar
194, 2026_04_20-PM03_47_57, Gauge #1: Status 0 (Measurement data okay), Pressure: 2.770000 mbar
195, 2026_04_20-PM03_47_58, Gauge #1: Status 0 (Measurement data okay), Pressure: 2.730000 mbar
196, 2026_04_20-PM03_48_00, Gauge #1: Status 0 (Measurement data okay), Pressure: 2.700000 mbar
197, 2026_04_20-PM03_48_01, Gauge #1: Status 0 (Measurement data okay), Pressure: 2.660000 mbar
198, 2026_04_20-PM03_48_02, Gauge #1: Status 0 (Measurement data okay), Pressure: 2.630000 mbar
199, 2026_04_20-PM03_48_04, Gauge #1: Status 0 (Measurement data okay), Pressure: 2.600000 mbar
200, 2026_04_20-PM03_48_05, Gauge #1: Status 0 (Measurement data okay), Pressure: 2.560000 mbar
201, 2026_04_20-PM03_48_07, Gauge #1: Status 0 (Measurement data okay), Pressure: 2.530000 mbar
202, 2026_04_20-PM03_48_08, Gauge #1: Status 0 (Measurement data okay), Pressure: 2.500000 mbar
203, 2026_04_20-PM03_48_09, Gauge #1: Status 0 (Measurement data okay), Pressure: 2.470000 mbar
204, 2026_04_20-PM03_48_11, Gauge #1: Status 0 (Measurement data okay), Pressure: 2.440000 mbar
205, 2026_04_20-PM03_48_12, Gauge #1: Status 0 (Measurement data okay), Pressure: 2.410000 mbar
206, 2026_04_20-PM03_48_14, Gauge #1: Status 0 (Measurement data okay), Pressure: 2.390000 mbar
207, 2026_04_20-PM03_48_15, Gauge #1: Status 0 (Measurement data okay), Pressure: 2.360000 mbar
208, 2026_04_20-PM03_48_17, Gauge #1: Status 0 (Measurement data okay), Pressure: 2.330000 mbar
209, 2026_04_20-PM03_48_18, Gauge #1: Status 0 (Measurement data okay), Pressure: 2.300000 mbar
210, 2026_04_20-PM03_48_19, Gauge #1: Status 0 (Measurement data okay), Pressure: 2.280000 mbar
211, 2026_04_20-PM03_48_21, Gauge #1: Status 0 (Measurement data okay), Pressure: 2.250000 mbar
212, 2026_04_20-PM03_48_22, Gauge #1: Status 0 (Measurement data okay), Pressure: 2.220000 mbar
213, 2026_04_20-PM03_48_24, Gauge #1: Status 0 (Measurement data okay), Pressure: 2.200000 mbar
214, 2026_04_20-PM03_48_25, Gauge #1: Status 0 (Measurement data okay), Pressure: 2.180000 mbar
215, 2026_04_20-PM03_48_26, Gauge #1: Status 0 (Measurement data okay), Pressure: 2.150000 mbar
216, 2026_04_20-PM03_48_28, Gauge #1: Status 0 (Measurement data okay), Pressure: 2.130000 mbar
217, 2026_04_20-PM03_48_29, Gauge #1: Status 0 (Measurement data okay), Pressure: 2.100000 mbar
218, 2026_04_20-PM03_48_31, Gauge #1: Status 0 (Measurement data okay), Pressure: 2.080000 mbar
219, 2026_04_20-PM03_48_32, Gauge #1: Status 0 (Measurement data okay), Pressure: 2.060000 mbar
220, 2026_04_20-PM03_48_34, Gauge #1: Status 0 (Measurement data okay), Pressure: 2.030000 mbar
221, 2026_04_20-PM03_48_35, Gauge #1: Status 0 (Measurement data okay), Pressure: 2.020000 mbar
222, 2026_04_20-PM03_48_36, Gauge #1: Status 0 (Measurement data okay), Pressure: 2.000000 mbar
223, 2026_04_20-PM03_48_38, Gauge #1: Status 0 (Measurement data okay), Pressure: 1.980000 mbar
224, 2026_04_20-PM03_48_39, Gauge #1: Status 0 (Measurement data okay), Pressure: 1.950000 mbar
225, 2026_04_20-PM03_48_41, Gauge #1: Status 0 (Measurement data okay), Pressure: 1.930000 mbar
226, 2026_04_20-PM03_48_42, Gauge #1: Status 0 (Measurement data okay), Pressure: 1.910000 mbar
227, 2026_04_20-PM03_48_44, Gauge #1: Status 0 (Measurement data okay), Pressure: 1.890000 mbar
228, 2026_04_20-PM03_48_45, Gauge #1: Status 0 (Measurement data okay), Pressure: 1.870000 mbar
229, 2026_04_20-PM03_48_46, Gauge #1: Status 0 (Measurement data okay), Pressure: 1.850000 mbar
230, 2026_04_20-PM03_48_48, Gauge #1: Status 0 (Measurement data okay), Pressure: 1.830000 mbar
231, 2026_04_20-PM03_48_49, Gauge #1: Status 0 (Measurement data okay), Pressure: 1.810000 mbar
232, 2026_04_20-PM03_48_51, Gauge #1: Status 0 (Measurement data okay), Pressure: 1.790000 mbar
233, 2026_04_20-PM03_48_52, Gauge #1: Status 0 (Measurement data okay), Pressure: 1.780000 mbar
234, 2026_04_20-PM03_48_54, Gauge #1: Status 0 (Measurement data okay), Pressure: 1.760000 mbar
235, 2026_04_20-PM03_48_55, Gauge #1: Status 0 (Measurement data okay), Pressure: 1.740000 mbar
236, 2026_04_20-PM03_48_56, Gauge #1: Status 0 (Measurement data okay), Pressure: 1.730000 mbar
237, 2026_04_20-PM03_48_58, Gauge #1: Status 0 (Measurement data okay), Pressure: 1.710000 mbar
238, 2026_04_20-PM03_48_59, Gauge #1: Status 0 (Measurement data okay), Pressure: 1.690000 mbar
239, 2026_04_20-PM03_49_01, Gauge #1: Status 0 (Measurement data okay), Pressure: 1.680000 mbar
240, 2026_04_20-PM03_49_02, Gauge #1: Status 0 (Measurement data okay), Pressure: 1.660000 mbar
241, 2026_04_20-PM03_49_04, Gauge #1: Status 0 (Measurement data okay), Pressure: 1.640000 mbar
242, 2026_04_20-PM03_49_06, Gauge #1: Status 0 (Measurement data okay), Pressure: 1.620000 mbar
243, 2026_04_20-PM03_49_07, Gauge #1: Status 0 (Measurement data okay), Pressure: 1.610000 mbar
244, 2026_04_20-PM03_49_08, Gauge #1: Status 0 (Measurement data okay), Pressure: 1.590000 mbar
245, 2026_04_20-PM03_49_10, Gauge #1: Status 0 (Measurement data okay), Pressure: 1.580000 mbar
246, 2026_04_20-PM03_49_12, Gauge #1: Status 0 (Measurement data okay), Pressure: 1.560000 mbar
247, 2026_04_20-PM03_49_13, Gauge #1: Status 0 (Measurement data okay), Pressure: 1.550000 mbar
248, 2026_04_20-PM03_49_15, Gauge #1: Status 0 (Measurement data okay), Pressure: 1.530000 mbar
249, 2026_04_20-PM03_49_16, Gauge #1: Status 0 (Measurement data okay), Pressure: 1.520000 mbar
250, 2026_04_20-PM03_49_18, Gauge #1: Status 0 (Measurement data okay), Pressure: 1.500000 mbar
251, 2026_04_20-PM03_49_19, Gauge #1: Status 0 (Measurement data okay), Pressure: 1.490000 mbar
252, 2026_04_20-PM03_49_21, Gauge #1: Status 0 (Measurement data okay), Pressure: 1.470000 mbar
253, 2026_04_20-PM03_49_22, Gauge #1: Status 0 (Measurement data okay), Pressure: 1.460000 mbar
254, 2026_04_20-PM03_49_24, Gauge #1: Status 0 (Measurement data okay), Pressure: 1.440000 mbar
255, 2026_04_20-PM03_49_26, Gauge #1: Status 0 (Measurement data okay), Pressure: 1.430000 mbar
256, 2026_04_20-PM03_49_27, Gauge #1: Status 0 (Measurement data okay), Pressure: 1.420000 mbar
257, 2026_04_20-PM03_49_28, Gauge #1: Status 0 (Measurement data okay), Pressure: 1.400000 mbar
258, 2026_04_20-PM03_49_30, Gauge #1: Status 0 (Measurement data okay), Pressure: 1.390000 mbar
259, 2026_04_20-PM03_49_31, Gauge #1: Status 0 (Measurement data okay), Pressure: 1.380000 mbar
260, 2026_04_20-PM03_49_33, Gauge #1: Status 0 (Measurement data okay), Pressure: 1.370000 mbar
261, 2026_04_20-PM03_49_35, Gauge #1: Status 0 (Measurement data okay), Pressure: 1.360000 mbar
262, 2026_04_20-PM03_49_36, Gauge #1: Status 0 (Measurement data okay), Pressure: 1.340000 mbar
263, 2026_04_20-PM03_49_37, Gauge #1: Status 0 (Measurement data okay), Pressure: 1.330000 mbar
264, 2026_04_20-PM03_49_39, Gauge #1: Status 0 (Measurement data okay), Pressure: 1.320000 mbar
265, 2026_04_20-PM03_49_40, Gauge #1: Status 0 (Measurement data okay), Pressure: 1.310000 mbar
266, 2026_04_20-PM03_49_42, Gauge #1: Status 0 (Measurement data okay), Pressure: 1.300000 mbar
267, 2026_04_20-PM03_49_43, Gauge #1: Status 0 (Measurement data okay), Pressure: 1.290000 mbar
268, 2026_04_20-PM03_49_45, Gauge #1: Status 0 (Measurement data okay), Pressure: 1.280000 mbar
269, 2026_04_20-PM03_49_46, Gauge #1: Status 0 (Measurement data okay), Pressure: 1.270000 mbar
270, 2026_04_20-PM03_49_48, Gauge #1: Status 0 (Measurement data okay), Pressure: 1.260000 mbar
271, 2026_04_20-PM03_49_49, Gauge #1: Status 0 (Measurement data okay), Pressure: 1.250000 mbar
272, 2026_04_20-PM03_49_51, Gauge #1: Status 0 (Measurement data okay), Pressure: 1.240000 mbar
273, 2026_04_20-PM03_49_52, Gauge #1: Status 0 (Measurement data okay), Pressure: 1.230000 mbar
274, 2026_04_20-PM03_49_54, Gauge #1: Status 0 (Measurement data okay), Pressure: 1.220000 mbar
275, 2026_04_20-PM03_49_55, Gauge #1: Status 0 (Measurement data okay), Pressure: 1.210000 mbar
276, 2026_04_20-PM03_49_57, Gauge #1: Status 0 (Measurement data okay), Pressure: 1.200000 mbar
277, 2026_04_20-PM03_49_58, Gauge #1: Status 0 (Measurement data okay), Pressure: 1.190000 mbar
278, 2026_04_20-PM03_50_00, Gauge #1: Status 0 (Measurement data okay), Pressure: 1.180000 mbar
279, 2026_04_20-PM03_50_01, Gauge #1: Status 0 (Measurement data okay), Pressure: 1.170000 mbar
280, 2026_04_20-PM03_50_02, Gauge #1: Status 0 (Measurement data okay), Pressure: 1.160000 mbar
281, 2026_04_20-PM03_50_04, Gauge #1: Status 0 (Measurement data okay), Pressure: 1.160000 mbar
282, 2026_04_20-PM03_50_05, Gauge #1: Status 0 (Measurement data okay), Pressure: 1.150000 mbar
283, 2026_04_20-PM03_50_07, Gauge #1: Status 0 (Measurement data okay), Pressure: 1.140000 mbar
284, 2026_04_20-PM03_50_09, Gauge #1: Status 0 (Measurement data okay), Pressure: 1.130000 mbar
285, 2026_04_20-PM03_50_10, Gauge #1: Status 0 (Measurement data okay), Pressure: 1.120000 mbar
286, 2026_04_20-PM03_50_12, Gauge #1: Status 0 (Measurement data okay), Pressure: 1.110000 mbar
287, 2026_04_20-PM03_50_13, Gauge #1: Status 0 (Measurement data okay), Pressure: 1.100000 mbar
288, 2026_04_20-PM03_50_15, Gauge #1: Status 0 (Measurement data okay), Pressure: 1.090000 mbar
289, 2026_04_20-PM03_50_16, Gauge #1: Status 0 (Measurement data okay), Pressure: 1.090000 mbar
290, 2026_04_20-PM03_50_18, Gauge #1: Status 0 (Measurement data okay), Pressure: 1.080000 mbar
291, 2026_04_20-PM03_50_19, Gauge #1: Status 0 (Measurement data okay), Pressure: 1.070000 mbar
292, 2026_04_20-PM03_50_21, Gauge #1: Status 0 (Measurement data okay), Pressure: 1.060000 mbar
293, 2026_04_20-PM03_50_22, Gauge #1: Status 0 (Measurement data okay), Pressure: 1.060000 mbar
294, 2026_04_20-PM03_50_24, Gauge #1: Status 0 (Measurement data okay), Pressure: 1.050000 mbar
295, 2026_04_20-PM03_50_25, Gauge #1: Status 0 (Measurement data okay), Pressure: 1.040000 mbar
296, 2026_04_20-PM03_50_27, Gauge #1: Status 0 (Measurement data okay), Pressure: 1.030000 mbar
297, 2026_04_20-PM03_50_28, Gauge #1: Status 0 (Measurement data okay), Pressure: 1.030000 mbar
298, 2026_04_20-PM03_50_30, Gauge #1: Status 0 (Measurement data okay), Pressure: 1.020000 mbar
299, 2026_04_20-PM03_50_31, Gauge #1: Status 0 (Measurement data okay), Pressure: 1.010000 mbar
300, 2026_04_20-PM03_50_33, Gauge #1: Status 0 (Measurement data okay), Pressure: 1.000000 mbar
301, 2026_04_20-PM03_50_34, Gauge #1: Status 0 (Measurement data okay), Pressure: 0.998000 mbar
302, 2026_04_20-PM03_50_36, Gauge #1: Status 0 (Measurement data okay), Pressure: 0.991000 mbar
303, 2026_04_20-PM03_50_37, Gauge #1: Status 0 (Measurement data okay), Pressure: 0.984000 mbar
304, 2026_04_20-PM03_50_39, Gauge #1: Status 0 (Measurement data okay), Pressure: 0.976000 mbar
305, 2026_04_20-PM03_50_40, Gauge #1: Status 0 (Measurement data okay), Pressure: 0.969000 mbar
306, 2026_04_20-PM03_50_42, Gauge #1: Status 0 (Measurement data okay), Pressure: 0.963000 mbar
307, 2026_04_20-PM03_50_43, Gauge #1: Status 0 (Measurement data okay), Pressure: 0.955000 mbar
308, 2026_04_20-PM03_50_45, Gauge #1: Status 0 (Measurement data okay), Pressure: 0.948000 mbar
309, 2026_04_20-PM03_50_46, Gauge #1: Status 0 (Measurement data okay), Pressure: 0.941000 mbar
310, 2026_04_20-PM03_50_48, Gauge #1: Status 0 (Measurement data okay), Pressure: 0.935000 mbar
311, 2026_04_20-PM03_50_49, Gauge #1: Status 0 (Measurement data okay), Pressure: 0.928000 mbar
312, 2026_04_20-PM03_50_51, Gauge #1: Status 0 (Measurement data okay), Pressure: 0.920000 mbar
313, 2026_04_20-PM03_50_52, Gauge #1: Status 0 (Measurement data okay), Pressure: 0.915000 mbar
314, 2026_04_20-PM03_50_54, Gauge #1: Status 0 (Measurement data okay), Pressure: 0.908000 mbar
315, 2026_04_20-PM03_50_55, Gauge #1: Status 0 (Measurement data okay), Pressure: 0.901000 mbar
316, 2026_04_20-PM03_50_57, Gauge #1: Status 0 (Measurement data okay), Pressure: 0.895000 mbar
317, 2026_04_20-PM03_50_58, Gauge #1: Status 0 (Measurement data okay), Pressure: 0.889000 mbar
318, 2026_04_20-PM03_51_00, Gauge #1: Status 0 (Measurement data okay), Pressure: 0.885000 mbar
319, 2026_04_20-PM03_51_01, Gauge #1: Status 0 (Measurement data okay), Pressure: 0.879000 mbar
320, 2026_04_20-PM03_51_03, Gauge #1: Status 0 (Measurement data okay), Pressure: 0.872000 mbar
321, 2026_04_20-PM03_51_04, Gauge #1: Status 0 (Measurement data okay), Pressure: 0.866000 mbar
322, 2026_04_20-PM03_51_06, Gauge #1: Status 0 (Measurement data okay), Pressure: 0.860000 mbar
323, 2026_04_20-PM03_51_07, Gauge #1: Status 0 (Measurement data okay), Pressure: 0.854000 mbar
324, 2026_04_20-PM03_51_09, Gauge #1: Status 0 (Measurement data okay), Pressure: 0.848000 mbar
325, 2026_04_20-PM03_51_10, Gauge #1: Status 0 (Measurement data okay), Pressure: 0.842000 mbar
326, 2026_04_20-PM03_51_12, Gauge #1: Status 0 (Measurement data okay), Pressure: 0.837000 mbar
327, 2026_04_20-PM03_51_14, Gauge #1: Status 0 (Measurement data okay), Pressure: 0.831000 mbar
328, 2026_04_20-PM03_51_15, Gauge #1: Status 0 (Measurement data okay), Pressure: 0.826000 mbar
329, 2026_04_20-PM03_51_17, Gauge #1: Status 0 (Measurement data okay), Pressure: 0.821000 mbar
330, 2026_04_20-PM03_51_18, Gauge #1: Status 0 (Measurement data okay), Pressure: 0.815000 mbar
331, 2026_04_20-PM03_51_20, Gauge #1: Status 0 (Measurement data okay), Pressure: 0.809000 mbar
332, 2026_04_20-PM03_51_21, Gauge #1: Status 0 (Measurement data okay), Pressure: 0.804000 mbar
333, 2026_04_20-PM03_51_23, Gauge #1: Status 0 (Measurement data okay), Pressure: 0.798000 mbar
334, 2026_04_20-PM03_51_24, Gauge #1: Status 0 (Measurement data okay), Pressure: 0.794000 mbar
335, 2026_04_20-PM03_51_26, Gauge #1: Status 0 (Measurement data okay), Pressure: 0.789000 mbar
336, 2026_04_20-PM03_51_28, Gauge #1: Status 0 (Measurement data okay), Pressure: 0.783000 mbar
337, 2026_04_20-PM03_51_29, Gauge #1: Status 0 (Measurement data okay), Pressure: 0.778000 mbar
338, 2026_04_20-PM03_51_31, Gauge #1: Status 0 (Measurement data okay), Pressure: 0.773000 mbar
339, 2026_04_20-PM03_51_32, Gauge #1: Status 0 (Measurement data okay), Pressure: 0.767000 mbar
340, 2026_04_20-PM03_51_34, Gauge #1: Status 0 (Measurement data okay), Pressure: 0.762000 mbar
341, 2026_04_20-PM03_51_35, Gauge #1: Status 0 (Measurement data okay), Pressure: 0.757000 mbar
342, 2026_04_20-PM03_51_37, Gauge #1: Status 0 (Measurement data okay), Pressure: 0.752000 mbar
343, 2026_04_20-PM03_51_38, Gauge #1: Status 0 (Measurement data okay), Pressure: 0.748000 mbar
344, 2026_04_20-PM03_51_40, Gauge #1: Status 0 (Measurement data okay), Pressure: 0.742000 mbar
345, 2026_04_20-PM03_51_42, Gauge #1: Status 0 (Measurement data okay), Pressure: 0.738000 mbar
346, 2026_04_20-PM03_51_43, Gauge #1: Status 0 (Measurement data okay), Pressure: 0.732000 mbar
347, 2026_04_20-PM03_51_45, Gauge #1: Status 0 (Measurement data okay), Pressure: 0.728000 mbar
348, 2026_04_20-PM03_51_46, Gauge #1: Status 0 (Measurement data okay), Pressure: 0.723000 mbar
349, 2026_04_20-PM03_51_48, Gauge #1: Status 0 (Measurement data okay), Pressure: 0.719000 mbar
350, 2026_04_20-PM03_51_49, Gauge #1: Status 0 (Measurement data okay), Pressure: 0.715000 mbar
351, 2026_04_20-PM03_51_51, Gauge #1: Status 0 (Measurement data okay), Pressure: 0.711000 mbar
352, 2026_04_20-PM03_51_52, Gauge #1: Status 0 (Measurement data okay), Pressure: 0.706000 mbar
353, 2026_04_20-PM03_51_54, Gauge #1: Status 0 (Measurement data okay), Pressure: 0.701000 mbar
354, 2026_04_20-PM03_51_55, Gauge #1: Status 0 (Measurement data okay), Pressure: 0.697000 mbar
355, 2026_04_20-PM03_51_57, Gauge #1: Status 0 (Measurement data okay), Pressure: 0.693000 mbar
356, 2026_04_20-PM03_51_58, Gauge #1: Status 0 (Measurement data okay), Pressure: 0.689000 mbar
357, 2026_04_20-PM03_52_00, Gauge #1: Status 0 (Measurement data okay), Pressure: 0.685000 mbar
358, 2026_04_20-PM03_52_02, Gauge #1: Status 0 (Measurement data okay), Pressure: 0.680000 mbar
359, 2026_04_20-PM03_52_03, Gauge #1: Status 0 (Measurement data okay), Pressure: 0.676000 mbar
360, 2026_04_20-PM03_52_05, Gauge #1: Status 0 (Measurement data okay), Pressure: 0.672000 mbar
361, 2026_04_20-PM03_52_06, Gauge #1: Status 0 (Measurement data okay), Pressure: 0.669000 mbar
362, 2026_04_20-PM03_52_08, Gauge #1: Status 0 (Measurement data okay), Pressure: 0.664000 mbar
363, 2026_04_20-PM03_52_09, Gauge #1: Status 0 (Measurement data okay), Pressure: 0.661000 mbar
364, 2026_04_20-PM03_52_11, Gauge #1: Status 0 (Measurement data okay), Pressure: 0.657000 mbar
365, 2026_04_20-PM03_52_12, Gauge #1: Status 0 (Measurement data okay), Pressure: 0.654000 mbar
366, 2026_04_20-PM03_52_14, Gauge #1: Status 0 (Measurement data okay), Pressure: 0.649000 mbar
367, 2026_04_20-PM03_52_16, Gauge #1: Status 0 (Measurement data okay), Pressure: 0.645000 mbar
368, 2026_04_20-PM03_52_17, Gauge #1: Status 0 (Measurement data okay), Pressure: 0.641000 mbar
369, 2026_04_20-PM03_52_19, Gauge #1: Status 0 (Measurement data okay), Pressure: 0.638000 mbar
370, 2026_04_20-PM03_52_20, Gauge #1: Status 0 (Measurement data okay), Pressure: 0.635000 mbar
371, 2026_04_20-PM03_52_22, Gauge #1: Status 0 (Measurement data okay), Pressure: 0.631000 mbar
372, 2026_04_20-PM03_52_23, Gauge #1: Status 0 (Measurement data okay), Pressure: 0.627000 mbar
373, 2026_04_20-PM03_52_25, Gauge #1: Status 0 (Measurement data okay), Pressure: 0.624000 mbar
374, 2026_04_20-PM03_52_26, Gauge #1: Status 0 (Measurement data okay), Pressure: 0.620000 mbar
375, 2026_04_20-PM03_52_28, Gauge #1: Status 0 (Measurement data okay), Pressure: 0.617000 mbar
376, 2026_04_20-PM03_52_30, Gauge #1: Status 0 (Measurement data okay), Pressure: 0.613000 mbar
377, 2026_04_20-PM03_52_31, Gauge #1: Status 0 (Measurement data okay), Pressure: 0.609000 mbar
378, 2026_04_20-PM03_52_33, Gauge #1: Status 0 (Measurement data okay), Pressure: 0.606000 mbar
379, 2026_04_20-PM03_52_34, Gauge #1: Status 0 (Measurement data okay), Pressure: 0.602000 mbar
380, 2026_04_20-PM03_52_36, Gauge #1: Status 0 (Measurement data okay), Pressure: 0.599000 mbar
381, 2026_04_20-PM03_52_38, Gauge #1: Status 0 (Measurement data okay), Pressure: 0.596000 mbar
382, 2026_04_20-PM03_52_39, Gauge #1: Status 0 (Measurement data okay), Pressure: 0.592000 mbar
383, 2026_04_20-PM03_52_41, Gauge #1: Status 0 (Measurement data okay), Pressure: 0.589000 mbar
384, 2026_04_20-PM03_52_43, Gauge #1: Status 0 (Measurement data okay), Pressure: 0.586000 mbar
385, 2026_04_20-PM03_52_44, Gauge #1: Status 0 (Measurement data okay), Pressure: 0.582000 mbar
386, 2026_04_20-PM03_52_46, Gauge #1: Status 0 (Measurement data okay), Pressure: 0.578000 mbar
387, 2026_04_20-PM03_52_47, Gauge #1: Status 0 (Measurement data okay), Pressure: 0.575000 mbar
388, 2026_04_20-PM03_52_49, Gauge #1: Status 0 (Measurement data okay), Pressure: 0.571000 mbar
389, 2026_04_20-PM03_52_51, Gauge #1: Status 0 (Measurement data okay), Pressure: 0.568000 mbar
390, 2026_04_20-PM03_52_52, Gauge #1: Status 0 (Measurement data okay), Pressure: 0.564000 mbar
391, 2026_04_20-PM03_52_54, Gauge #1: Status 0 (Measurement data okay), Pressure: 0.561000 mbar
392, 2026_04_20-PM03_52_55, Gauge #1: Status 0 (Measurement data okay), Pressure: 0.558000 mbar
393, 2026_04_20-PM03_52_57, Gauge #1: Status 0 (Measurement data okay), Pressure: 0.555000 mbar
394, 2026_04_20-PM03_52_59, Gauge #1: Status 0 (Measurement data okay), Pressure: 0.551000 mbar
395, 2026_04_20-PM03_53_00, Gauge #1: Status 0 (Measurement data okay), Pressure: 0.548000 mbar
396, 2026_04_20-PM03_53_02, Gauge #1: Status 0 (Measurement data okay), Pressure: 0.544000 mbar
397, 2026_04_20-PM03_53_03, Gauge #1: Status 0 (Measurement data okay), Pressure: 0.541000 mbar
398, 2026_04_20-PM03_53_05, Gauge #1: Status 0 (Measurement data okay), Pressure: 0.538000 mbar
399, 2026_04_20-PM03_53_06, Gauge #1: Status 0 (Measurement data okay), Pressure: 0.535000 mbar
400, 2026_04_20-PM03_53_08, Gauge #1: Status 0 (Measurement data okay), Pressure: 0.532000 mbar
401, 2026_04_20-PM03_53_10, Gauge #1: Status 0 (Measurement data okay), Pressure: 0.529000 mbar
402, 2026_04_20-PM03_53_11, Gauge #1: Status 0 (Measurement data okay), Pressure: 0.526000 mbar
403, 2026_04_20-PM03_53_13, Gauge #1: Status 0 (Measurement data okay), Pressure: 0.523000 mbar
404, 2026_04_20-PM03_53_14, Gauge #1: Status 0 (Measurement data okay), Pressure: 0.520000 mbar
405, 2026_04_20-PM03_53_16, Gauge #1: Status 0 (Measurement data okay), Pressure: 0.517000 mbar
406, 2026_04_20-PM03_53_17, Gauge #1: Status 0 (Measurement data okay), Pressure: 0.514000 mbar
407, 2026_04_20-PM03_53_19, Gauge #1: Status 0 (Measurement data okay), Pressure: 0.511000 mbar
408, 2026_04_20-PM03_53_21, Gauge #1: Status 0 (Measurement data okay), Pressure: 0.509000 mbar
409, 2026_04_20-PM03_53_22, Gauge #1: Status 0 (Measurement data okay), Pressure: 0.506000 mbar
410, 2026_04_20-PM03_53_24, Gauge #1: Status 0 (Measurement data okay), Pressure: 0.503000 mbar
411, 2026_04_20-PM03_53_25, Gauge #1: Status 0 (Measurement data okay), Pressure: 0.500000 mbar
412, 2026_04_20-PM03_53_27, Gauge #1: Status 0 (Measurement data okay), Pressure: 0.498000 mbar
413, 2026_04_20-PM03_53_28, Gauge #1: Status 0 (Measurement data okay), Pressure: 0.495000 mbar
414, 2026_04_20-PM03_53_30, Gauge #1: Status 0 (Measurement data okay), Pressure: 0.493000 mbar
415, 2026_04_20-PM03_53_32, Gauge #1: Status 0 (Measurement data okay), Pressure: 0.490000 mbar
416, 2026_04_20-PM03_53_33, Gauge #1: Status 0 (Measurement data okay), Pressure: 0.487000 mbar
417, 2026_04_20-PM03_53_35, Gauge #1: Status 0 (Measurement data okay), Pressure: 0.484000 mbar
418, 2026_04_20-PM03_53_36, Gauge #1: Status 0 (Measurement data okay), Pressure: 0.482000 mbar
419, 2026_04_20-PM03_53_38, Gauge #1: Status 0 (Measurement data okay), Pressure: 0.479000 mbar
420, 2026_04_20-PM03_53_39, Gauge #1: Status 0 (Measurement data okay), Pressure: 0.477000 mbar
421, 2026_04_20-PM03_53_41, Gauge #1: Status 0 (Measurement data okay), Pressure: 0.474000 mbar
422, 2026_04_20-PM03_53_43, Gauge #1: Status 0 (Measurement data okay), Pressure: 0.471000 mbar
423, 2026_04_20-PM03_53_44, Gauge #1: Status 0 (Measurement data okay), Pressure: 0.469000 mbar
424, 2026_04_20-PM03_53_46, Gauge #1: Status 0 (Measurement data okay), Pressure: 0.467000 mbar
425, 2026_04_20-PM03_53_47, Gauge #1: Status 0 (Measurement data okay), Pressure: 0.465000 mbar
426, 2026_04_20-PM03_53_49, Gauge #1: Status 0 (Measurement data okay), Pressure: 0.462000 mbar
427, 2026_04_20-PM03_53_50, Gauge #1: Status 0 (Measurement data okay), Pressure: 0.460000 mbar
428, 2026_04_20-PM03_53_52, Gauge #1: Status 0 (Measurement data okay), Pressure: 0.457000 mbar
429, 2026_04_20-PM03_53_53, Gauge #1: Status 0 (Measurement data okay), Pressure: 0.455000 mbar
430, 2026_04_20-PM03_53_55, Gauge #1: Status 0 (Measurement data okay), Pressure: 0.452000 mbar
431, 2026_04_20-PM03_53_57, Gauge #1: Status 0 (Measurement data okay), Pressure: 0.450000 mbar
432, 2026_04_20-PM03_53_58, Gauge #1: Status 0 (Measurement data okay), Pressure: 0.448000 mbar
433, 2026_04_20-PM03_54_00, Gauge #1: Status 0 (Measurement data okay), Pressure: 0.445000 mbar
434, 2026_04_20-PM03_54_01, Gauge #1: Status 0 (Measurement data okay), Pressure: 0.443000 mbar
435, 2026_04_20-PM03_54_03, Gauge #1: Status 0 (Measurement data okay), Pressure: 0.441000 mbar
436, 2026_04_20-PM03_54_05, Gauge #1: Status 0 (Measurement data okay), Pressure: 0.439000 mbar
437, 2026_04_20-PM03_54_06, Gauge #1: Status 0 (Measurement data okay), Pressure: 0.437000 mbar
438, 2026_04_20-PM03_54_08, Gauge #1: Status 0 (Measurement data okay), Pressure: 0.435000 mbar
439, 2026_04_20-PM03_54_09, Gauge #1: Status 0 (Measurement data okay), Pressure: 0.433000 mbar
440, 2026_04_20-PM03_54_11, Gauge #1: Status 0 (Measurement data okay), Pressure: 0.430000 mbar
441, 2026_04_20-PM03_54_12, Gauge #1: Status 0 (Measurement data okay), Pressure: 0.428000 mbar
442, 2026_04_20-PM03_54_14, Gauge #1: Status 0 (Measurement data okay), Pressure: 0.426000 mbar
443, 2026_04_20-PM03_54_16, Gauge #1: Status 0 (Measurement data okay), Pressure: 0.424000 mbar
444, 2026_04_20-PM03_54_17, Gauge #1: Status 0 (Measurement data okay), Pressure: 0.422000 mbar
445, 2026_04_20-PM03_54_19, Gauge #1: Status 0 (Measurement data okay), Pressure: 0.420000 mbar
446, 2026_04_20-PM03_54_20, Gauge #1: Status 0 (Measurement data okay), Pressure: 0.418000 mbar
447, 2026_04_20-PM03_54_22, Gauge #1: Status 0 (Measurement data okay), Pressure: 0.416000 mbar
448, 2026_04_20-PM03_54_23, Gauge #1: Status 0 (Measurement data okay), Pressure: 0.414000 mbar
449, 2026_04_20-PM03_54_25, Gauge #1: Status 0 (Measurement data okay), Pressure: 0.412000 mbar
450, 2026_04_20-PM03_54_27, Gauge #1: Status 0 (Measurement data okay), Pressure: 0.410000 mbar
451, 2026_04_20-PM03_54_28, Gauge #1: Status 0 (Measurement data okay), Pressure: 0.408000 mbar
452, 2026_04_20-PM03_54_30, Gauge #1: Status 0 (Measurement data okay), Pressure: 0.406000 mbar
453, 2026_04_20-PM03_54_31, Gauge #1: Status 0 (Measurement data okay), Pressure: 0.404000 mbar
454, 2026_04_20-PM03_54_33, Gauge #1: Status 0 (Measurement data okay), Pressure: 0.402000 mbar
455, 2026_04_20-PM03_54_35, Gauge #1: Status 0 (Measurement data okay), Pressure: 0.400000 mbar
456, 2026_04_20-PM03_54_36, Gauge #1: Status 0 (Measurement data okay), Pressure: 0.398000 mbar
457, 2026_04_20-PM03_54_38, Gauge #1: Status 0 (Measurement data okay), Pressure: 0.396000 mbar
458, 2026_04_20-PM03_54_39, Gauge #1: Status 0 (Measurement data okay), Pressure: 0.395000 mbar
459, 2026_04_20-PM03_54_41, Gauge #1: Status 0 (Measurement data okay), Pressure: 0.393000 mbar
460, 2026_04_20-PM03_54_43, Gauge #1: Status 0 (Measurement data okay), Pressure: 0.391000 mbar
461, 2026_04_20-PM03_54_44, Gauge #1: Status 0 (Measurement data okay), Pressure: 0.389000 mbar
462, 2026_04_20-PM03_54_46, Gauge #1: Status 0 (Measurement data okay), Pressure: 0.386000 mbar
463, 2026_04_20-PM03_54_47, Gauge #1: Status 0 (Measurement data okay), Pressure: 0.384000 mbar
464, 2026_04_20-PM03_54_49, Gauge #1: Status 0 (Measurement data okay), Pressure: 0.382000 mbar
465, 2026_04_20-PM03_54_51, Gauge #1: Status 0 (Measurement data okay), Pressure: 0.381000 mbar
466, 2026_04_20-PM03_54_52, Gauge #1: Status 0 (Measurement data okay), Pressure: 0.378000 mbar
467, 2026_04_20-PM03_54_54, Gauge #1: Status 0 (Measurement data okay), Pressure: 0.377000 mbar
468, 2026_04_20-PM03_54_55, Gauge #1: Status 0 (Measurement data okay), Pressure: 0.374000 mbar
469, 2026_04_20-PM03_54_57, Gauge #1: Status 0 (Measurement data okay), Pressure: 0.372000 mbar
470, 2026_04_20-PM03_54_58, Gauge #1: Status 0 (Measurement data okay), Pressure: 0.370000 mbar
471, 2026_04_20-PM03_55_00, Gauge #1: Status 0 (Measurement data okay), Pressure: 0.368000 mbar
472, 2026_04_20-PM03_55_02, Gauge #1: Status 0 (Measurement data okay), Pressure: 0.365000 mbar
473, 2026_04_20-PM03_55_04, Gauge #1: Status 0 (Measurement data okay), Pressure: 0.363000 mbar
474, 2026_04_20-PM03_55_05, Gauge #1: Status 0 (Measurement data okay), Pressure: 0.361000 mbar
475, 2026_04_20-PM03_55_07, Gauge #1: Status 0 (Measurement data okay), Pressure: 0.359000 mbar
476, 2026_04_20-PM03_55_09, Gauge #1: Status 0 (Measurement data okay), Pressure: 0.357000 mbar
477, 2026_04_20-PM03_55_10, Gauge #1: Status 0 (Measurement data okay), Pressure: 0.354000 mbar
478, 2026_04_20-PM03_55_12, Gauge #1: Status 0 (Measurement data okay), Pressure: 0.353000 mbar
479, 2026_04_20-PM03_55_14, Gauge #1: Status 0 (Measurement data okay), Pressure: 0.351000 mbar
480, 2026_04_20-PM03_55_15, Gauge #1: Status 0 (Measurement data okay), Pressure: 0.349000 mbar
481, 2026_04_20-PM03_55_17, Gauge #1: Status 0 (Measurement data okay), Pressure: 0.347000 mbar
482, 2026_04_20-PM03_55_19, Gauge #1: Status 0 (Measurement data okay), Pressure: 0.344000 mbar
483, 2026_04_20-PM03_55_20, Gauge #1: Status 0 (Measurement data okay), Pressure: 0.343000 mbar
484, 2026_04_20-PM03_55_22, Gauge #1: Status 0 (Measurement data okay), Pressure: 0.341000 mbar
485, 2026_04_20-PM03_55_24, Gauge #1: Status 0 (Measurement data okay), Pressure: 0.339000 mbar
486, 2026_04_20-PM03_55_25, Gauge #1: Status 0 (Measurement data okay), Pressure: 0.337000 mbar
487, 2026_04_20-PM03_55_27, Gauge #1: Status 0 (Measurement data okay), Pressure: 0.335000 mbar
488, 2026_04_20-PM03_55_28, Gauge #1: Status 0 (Measurement data okay), Pressure: 0.333000 mbar
489, 2026_04_20-PM03_55_30, Gauge #1: Status 0 (Measurement data okay), Pressure: 0.331000 mbar
490, 2026_04_20-PM03_55_32, Gauge #1: Status 0 (Measurement data okay), Pressure: 0.329000 mbar
491, 2026_04_20-PM03_55_33, Gauge #1: Status 0 (Measurement data okay), Pressure: 0.326000 mbar
492, 2026_04_20-PM03_55_35, Gauge #1: Status 0 (Measurement data okay), Pressure: 0.324000 mbar
493, 2026_04_20-PM03_55_37, Gauge #1: Status 0 (Measurement data okay), Pressure: 0.322000 mbar
494, 2026_04_20-PM03_55_38, Gauge #1: Status 0 (Measurement data okay), Pressure: 0.320000 mbar
495, 2026_04_20-PM03_55_40, Gauge #1: Status 0 (Measurement data okay), Pressure: 0.319000 mbar
496, 2026_04_20-PM03_55_41, Gauge #1: Status 0 (Measurement data okay), Pressure: 0.317000 mbar
497, 2026_04_20-PM03_55_43, Gauge #1: Status 0 (Measurement data okay), Pressure: 0.315000 mbar
498, 2026_04_20-PM03_55_45, Gauge #1: Status 0 (Measurement data okay), Pressure: 0.314000 mbar
499, 2026_04_20-PM03_55_46, Gauge #1: Status 0 (Measurement data okay), Pressure: 0.312000 mbar
500, 2026_04_20-PM03_55_48, Gauge #1: Status 0 (Measurement data okay), Pressure: 0.311000 mbar
501, 2026_04_20-PM03_55_50, Gauge #1: Status 0 (Measurement data okay), Pressure: 0.309000 mbar
502, 2026_04_20-PM03_55_51, Gauge #1: Status 0 (Measurement data okay), Pressure: 0.307000 mbar
503, 2026_04_20-PM03_55_53, Gauge #1: Status 0 (Measurement data okay), Pressure: 0.306000 mbar
504, 2026_04_20-PM03_55_54, Gauge #1: Status 0 (Measurement data okay), Pressure: 0.304000 mbar
505, 2026_04_20-PM03_55_56, Gauge #1: Status 0 (Measurement data okay), Pressure: 0.302000 mbar
506, 2026_04_20-PM03_55_58, Gauge #1: Status 0 (Measurement data okay), Pressure: 0.301000 mbar
507, 2026_04_20-PM03_55_59, Gauge #1: Status 0 (Measurement data okay), Pressure: 0.300000 mbar
508, 2026_04_20-PM03_56_01, Gauge #1: Status 0 (Measurement data okay), Pressure: 0.298000 mbar
509, 2026_04_20-PM03_56_03, Gauge #1: Status 0 (Measurement data okay), Pressure: 0.296000 mbar
510, 2026_04_20-PM03_56_04, Gauge #1: Status 0 (Measurement data okay), Pressure: 0.295000 mbar
511, 2026_04_20-PM03_56_06, Gauge #1: Status 0 (Measurement data okay), Pressure: 0.294000 mbar
512, 2026_04_20-PM03_56_08, Gauge #1: Status 0 (Measurement data okay), Pressure: 0.292000 mbar
513, 2026_04_20-PM03_56_09, Gauge #1: Status 0 (Measurement data okay), Pressure: 0.291000 mbar
514, 2026_04_20-PM03_56_11, Gauge #1: Status 0 (Measurement data okay), Pressure: 0.289000 mbar
515, 2026_04_20-PM03_56_12, Gauge #1: Status 0 (Measurement data okay), Pressure: 0.288000 mbar
516, 2026_04_20-PM03_56_14, Gauge #1: Status 0 (Measurement data okay), Pressure: 0.286000 mbar
517, 2026_04_20-PM03_56_16, Gauge #1: Status 0 (Measurement data okay), Pressure: 0.285000 mbar
518, 2026_04_20-PM03_56_17, Gauge #1: Status 0 (Measurement data okay), Pressure: 0.283000 mbar
519, 2026_04_20-PM03_56_19, Gauge #1: Status 0 (Measurement data okay), Pressure: 0.282000 mbar
520, 2026_04_20-PM03_56_21, Gauge #1: Status 0 (Measurement data okay), Pressure: 0.280000 mbar
521, 2026_04_20-PM03_56_22, Gauge #1: Status 0 (Measurement data okay), Pressure: 0.279000 mbar
522, 2026_04_20-PM03_56_24, Gauge #1: Status 0 (Measurement data okay), Pressure: 0.278000 mbar
523, 2026_04_20-PM03_56_26, Gauge #1: Status 0 (Measurement data okay), Pressure: 0.276000 mbar
524, 2026_04_20-PM03_56_27, Gauge #1: Status 0 (Measurement data okay), Pressure: 0.275000 mbar
525, 2026_04_20-PM03_56_29, Gauge #1: Status 0 (Measurement data okay), Pressure: 0.274000 mbar
526, 2026_04_20-PM03_56_31, Gauge #1: Status 0 (Measurement data okay), Pressure: 0.273000 mbar
527, 2026_04_20-PM03_56_32, Gauge #1: Status 0 (Measurement data okay), Pressure: 0.272000 mbar
528, 2026_04_20-PM03_56_34, Gauge #1: Status 0 (Measurement data okay), Pressure: 0.271000 mbar
529, 2026_04_20-PM03_56_36, Gauge #1: Status 0 (Measurement data okay), Pressure: 0.269000 mbar
530, 2026_04_20-PM03_56_37, Gauge #1: Status 0 (Measurement data okay), Pressure: 0.268000 mbar
531, 2026_04_20-PM03_56_39, Gauge #1: Status 0 (Measurement data okay), Pressure: 0.267000 mbar
532, 2026_04_20-PM03_56_41, Gauge #1: Status 0 (Measurement data okay), Pressure: 0.266000 mbar
533, 2026_04_20-PM03_56_42, Gauge #1: Status 0 (Measurement data okay), Pressure: 0.264000 mbar
534, 2026_04_20-PM03_56_44, Gauge #1: Status 0 (Measurement data okay), Pressure: 0.263000 mbar
535, 2026_04_20-PM03_56_46, Gauge #1: Status 0 (Measurement data okay), Pressure: 0.262000 mbar
536, 2026_04_20-PM03_56_47, Gauge #1: Status 0 (Measurement data okay), Pressure: 0.261000 mbar
537, 2026_04_20-PM03_56_49, Gauge #1: Status 0 (Measurement data okay), Pressure: 0.259000 mbar
538, 2026_04_20-PM03_56_51, Gauge #1: Status 0 (Measurement data okay), Pressure: 0.258000 mbar
539, 2026_04_20-PM03_56_52, Gauge #1: Status 0 (Measurement data okay), Pressure: 0.257000 mbar
540, 2026_04_20-PM03_56_54, Gauge #1: Status 0 (Measurement data okay), Pressure: 0.255000 mbar
541, 2026_04_20-PM03_56_56, Gauge #1: Status 0 (Measurement data okay), Pressure: 0.255000 mbar
542, 2026_04_20-PM03_56_57, Gauge #1: Status 0 (Measurement data okay), Pressure: 0.253000 mbar
543, 2026_04_20-PM03_56_59, Gauge #1: Status 0 (Measurement data okay), Pressure: 0.253000 mbar
544, 2026_04_20-PM03_57_01, Gauge #1: Status 0 (Measurement data okay), Pressure: 0.252000 mbar
545, 2026_04_20-PM03_57_02, Gauge #1: Status 0 (Measurement data okay), Pressure: 0.250000 mbar
546, 2026_04_20-PM03_57_04, Gauge #1: Status 0 (Measurement data okay), Pressure: 0.249000 mbar
547, 2026_04_20-PM03_57_06, Gauge #1: Status 0 (Measurement data okay), Pressure: 0.248000 mbar
548, 2026_04_20-PM03_57_07, Gauge #1: Status 0 (Measurement data okay), Pressure: 0.247000 mbar
549, 2026_04_20-PM03_57_09, Gauge #1: Status 0 (Measurement data okay), Pressure: 0.245000 mbar
550, 2026_04_20-PM03_57_11, Gauge #1: Status 0 (Measurement data okay), Pressure: 0.244000 mbar
551, 2026_04_20-PM03_57_12, Gauge #1: Status 0 (Measurement data okay), Pressure: 0.243000 mbar
552, 2026_04_20-PM03_57_14, Gauge #1: Status 0 (Measurement data okay), Pressure: 0.242000 mbar
553, 2026_04_20-PM03_57_16, Gauge #1: Status 0 (Measurement data okay), Pressure: 0.241000 mbar
554, 2026_04_20-PM03_57_17, Gauge #1: Status 0 (Measurement data okay), Pressure: 0.240000 mbar
555, 2026_04_20-PM03_57_19, Gauge #1: Status 0 (Measurement data okay), Pressure: 0.239000 mbar
556, 2026_04_20-PM03_57_21, Gauge #1: Status 0 (Measurement data okay), Pressure: 0.238000 mbar
557, 2026_04_20-PM03_57_22, Gauge #1: Status 0 (Measurement data okay), Pressure: 0.237000 mbar
558, 2026_04_20-PM03_57_24, Gauge #1: Status 0 (Measurement data okay), Pressure: 0.236000 mbar
559, 2026_04_20-PM03_57_26, Gauge #1: Status 0 (Measurement data okay), Pressure: 0.235000 mbar
560, 2026_04_20-PM03_57_28, Gauge #1: Status 0 (Measurement data okay), Pressure: 0.234000 mbar
561, 2026_04_20-PM03_57_29, Gauge #1: Status 0 (Measurement data okay), Pressure: 0.233000 mbar
562, 2026_04_20-PM03_57_31, Gauge #1: Status 0 (Measurement data okay), Pressure: 0.232000 mbar
563, 2026_04_20-PM03_57_33, Gauge #1: Status 0 (Measurement data okay), Pressure: 0.231000 mbar
564, 2026_04_20-PM03_57_34, Gauge #1: Status 0 (Measurement data okay), Pressure: 0.230000 mbar
565, 2026_04_20-PM03_57_36, Gauge #1: Status 0 (Measurement data okay), Pressure: 0.229000 mbar
566, 2026_04_20-PM03_57_38, Gauge #1: Status 0 (Measurement data okay), Pressure: 0.228000 mbar
567, 2026_04_20-PM03_57_40, Gauge #1: Status 0 (Measurement data okay), Pressure: 0.227000 mbar
568, 2026_04_20-PM03_57_41, Gauge #1: Status 0 (Measurement data okay), Pressure: 0.226000 mbar
569, 2026_04_20-PM03_57_43, Gauge #1: Status 0 (Measurement data okay), Pressure: 0.225000 mbar
570, 2026_04_20-PM03_57_45, Gauge #1: Status 0 (Measurement data okay), Pressure: 0.224000 mbar
571, 2026_04_20-PM03_57_47, Gauge #1: Status 0 (Measurement data okay), Pressure: 0.223000 mbar
572, 2026_04_20-PM03_57_49, Gauge #1: Status 0 (Measurement data okay), Pressure: 0.222000 mbar
573, 2026_04_20-PM03_57_50, Gauge #1: Status 0 (Measurement data okay), Pressure: 0.221000 mbar
574, 2026_04_20-PM03_57_52, Gauge #1: Status 0 (Measurement data okay), Pressure: 0.220000 mbar
575, 2026_04_20-PM03_57_54, Gauge #1: Status 0 (Measurement data okay), Pressure: 0.219000 mbar
576, 2026_04_20-PM03_57_56, Gauge #1: Status 0 (Measurement data okay), Pressure: 0.218000 mbar
577, 2026_04_20-PM03_57_57, Gauge #1: Status 0 (Measurement data okay), Pressure: 0.217000 mbar
578, 2026_04_20-PM03_57_59, Gauge #1: Status 0 (Measurement data okay), Pressure: 0.216000 mbar
579, 2026_04_20-PM03_58_01, Gauge #1: Status 0 (Measurement data okay), Pressure: 0.215000 mbar
580, 2026_04_20-PM03_58_03, Gauge #1: Status 0 (Measurement data okay), Pressure: 0.215000 mbar
581, 2026_04_20-PM03_58_04, Gauge #1: Status 0 (Measurement data okay), Pressure: 0.214000 mbar
582, 2026_04_20-PM03_58_06, Gauge #1: Status 0 (Measurement data okay), Pressure: 0.213000 mbar
583, 2026_04_20-PM03_58_08, Gauge #1: Status 0 (Measurement data okay), Pressure: 0.212000 mbar
584, 2026_04_20-PM03_58_09, Gauge #1: Status 0 (Measurement data okay), Pressure: 0.211000 mbar
585, 2026_04_20-PM03_58_11, Gauge #1: Status 0 (Measurement data okay), Pressure: 0.210000 mbar
586, 2026_04_20-PM03_58_13, Gauge #1: Status 0 (Measurement data okay), Pressure: 0.210000 mbar
587, 2026_04_20-PM03_58_15, Gauge #1: Status 0 (Measurement data okay), Pressure: 0.209000 mbar
588, 2026_04_20-PM03_58_16, Gauge #1: Status 0 (Measurement data okay), Pressure: 0.208000 mbar
589, 2026_04_20-PM03_58_18, Gauge #1: Status 0 (Measurement data okay), Pressure: 0.207000 mbar
590, 2026_04_20-PM03_58_20, Gauge #1: Status 0 (Measurement data okay), Pressure: 0.206000 mbar
591, 2026_04_20-PM03_58_21, Gauge #1: Status 0 (Measurement data okay), Pressure: 0.205000 mbar
592, 2026_04_20-PM03_58_23, Gauge #1: Status 0 (Measurement data okay), Pressure: 0.205000 mbar
593, 2026_04_20-PM03_58_25, Gauge #1: Status 0 (Measurement data okay), Pressure: 0.204000 mbar
594, 2026_04_20-PM03_58_26, Gauge #1: Status 0 (Measurement data okay), Pressure: 0.203000 mbar
595, 2026_04_20-PM03_58_28, Gauge #1: Status 0 (Measurement data okay), Pressure: 0.202000 mbar
596, 2026_04_20-PM03_58_30, Gauge #1: Status 0 (Measurement data okay), Pressure: 0.202000 mbar
597, 2026_04_20-PM03_58_32, Gauge #1: Status 0 (Measurement data okay), Pressure: 0.201000 mbar
598, 2026_04_20-PM03_58_33, Gauge #1: Status 0 (Measurement data okay), Pressure: 0.200000 mbar
599, 2026_04_20-PM03_58_35, Gauge #1: Status 0 (Measurement data okay), Pressure: 0.199000 mbar
